,0
00,2.039792420472292e-05
000,0.00031309192876194207
01,5.6607063224397176e-05
02,0.000159523633960203
03,0.00015473558608777657
04,9.692361251246065e-05
06,5.663886947373345e-05
07,2.9068462772290117e-05
09,4.6356880782958085e-05
10,0.0003871222159029472
100,0.0006413858106788164
1000,6.30685892226666e-05
11,0.00019793202483130013
12,0.0003049731818266852
13,7.355051549884177e-05
14,6.30023866129131e-05
15,0.00020481729609358424
16,0.00011902953736434877
17,7.135558480886584e-05
18,5.61164559159895e-05
19,0.000394590842313383
20,0.00045389203785570193
200,8.783020576898131e-05
2009,6.135628546531587e-05
2010,0.0001843423608678338
2012,3.632943418870426e-05
2013,2.8847982477482464e-05
2016,0.00027085546707844425
2017,5.173842175185655e-05
2018,0.00012812687333749032
2019,0.0003292255091361385
2020,0.00046693836330905105
21,9.405091771425915e-05
24,4.178488497409871e-05
25,0.00010876548232289548
26,5.9671745984125355e-05
28,8.308721693510215e-05
29,4.232616103166979e-05
2nd,7.335378321319178e-05
30,0.00025654128536318647
300,0.00010768341911110734
300k,0.0005434824876938469
32,0.0002091291944462073
3rd,0.00011929250809597611
40,0.0001558177596432384
50,0.00023052503285691037
500,5.134003784406065e-05
60,0.00017896885271205065
70,0.0001187258790605647
80,0.00015394611655829773
90,0.00014553092251433827
99,8.260394355979025e-05
ability,0.00015843646687492427
able,0.00045073058188216814
abortion,0.0007048073031506555
about,0.002218702918990168
above,0.0001572255212423722
absolute,0.00028258112574880553
absolutely,0.0006285534031096563
absurd,7.002692550809224e-05
abuse,0.000245123168115218
accept,0.00013843334464684766
acceptable,6.14788706917622e-05
access,0.00028831616735510834
according,0.00018996730902301871
account,0.00029177285069053503
accountable,9.529713409081023e-05
accurate,0.00020207988249025855
accusation,3.970253516291309e-05
achieve,9.655785662080248e-05
acknowledge,5.3229785135224794e-05
across,0.00019515852418911824
act,0.00033672910926239153
acting,0.00010925866297638156
action,0.0008423148461536739
active,9.387576774632592e-05
actively,6.98016658185375e-05
activist,4.2601713415264426e-05
activity,6.92728904011911e-05
actual,0.0004536608232674635
actually,0.0010968310920890043
ad,0.00017939338908550245
add,0.00018875312154796733
adding,3.4203740812178194e-05
address,0.00010383510084403554
administration,0.0004029631503053002
admit,0.00016703165886137734
admitted,6.357979638975572e-05
adult,0.00012985573886368398
advantage,7.923487018785817e-05
advice,0.000131735663993788
advocate,0.00011298241232023757
advocating,9.683842162274665e-05
affect,7.744504398668882e-05
affected,9.163288244701456e-05
afford,0.00020539860933756345
afraid,0.00016401971955652968
africa,0.00026238399348387106
african,0.00015412967109572454
after,0.0006801652904904446
again,0.0006642948657765813
against,0.0007349383170200675
age,0.0003598855240816586
agency,7.598015463510802e-05
agenda,0.00013021600731518055
ago,0.0003592637947336133
agree,0.0008681944434833033
agreed,0.00020545388176169412
ah,0.0004659843226597396
ahead,0.00014447620483203219
aid,0.0001522753658103182
ain,0.00013492928326821143
air,6.357063997325881e-05
airbnb,0.00017249244867289352
airline,0.00010530920646040146
al,7.705971920038235e-05
alien,9.121051950650647e-05
alive,7.099941047998341e-05
all,0.0022063394256154477
allow,0.00024781776250482735
allowed,0.00028875817106608167
allowing,8.200142803914191e-05
allows,7.514283248256661e-05
ally,5.4096817113474077e-05
almost,0.00047463234409736763
alone,0.00026233811805056133
along,0.00021724297555210357
already,0.00082278604583862
also,0.001386247855336782
alternative,0.0001946265190483159
although,9.345910977963982e-05
always,0.0009128710774079923
am,0.0011284446964951978
amazing,0.0002543596703207031
amazon,0.0002694138710811907
amendment,0.0003912426991317501
america,0.0007441480326743295
american,0.0010282852872447736
among,0.00015945280731698445
amount,0.0002625133432125923
amp,0.0005910148785026879
an,0.0019284453668113625
analysis,9.687011825606747e-05
anarchism,0.00025028963521755754
anarchist,0.0008636263098688379
and,0.004796686032614724
angry,0.00010630060157041561
animal,0.00023617397226410186
another,0.0007867900536410481
answer,0.0004417800102959932
anti,0.0006498166590641863
antifa,0.00014355781884068687
any,0.0013255870843349893
anybody,0.00012495897631347719
anymore,0.00023391640804714208
anyone,0.0008511078422218678
anything,0.0008367207036415584
anyway,0.00023729593666719741
anyways,0.00021519565124015794
anywhere,0.0001552426706323458
aoc,0.00046614229882588896
apart,0.00011811865408817388
apparently,0.0002223726318749242
appeal,0.00010876384878557418
appears,0.0001248291656924208
apple,9.090379361513634e-05
apply,8.908177627254014e-05
appreciate,0.00024913489486640567
approach,8.069661871440369e-05
appropriate,8.907231586628445e-05
april,8.973686545258119e-05
archive,0.0001184723942317614
are,0.0038622726813749325
area,0.0002580853436488586
aren,0.0005813069630120092
argue,0.00015916997668147587
arguing,0.00011453803662755367
argument,0.0006868783330659458
aristocracy,0.00018980041571990065
arm,0.0001054398091204876
armed,0.00010562084856412085
army,0.0001332301914768405
around,0.0006406980514044657
arrest,0.00020213493951440326
arrested,0.00010492693059216793
art,0.00031373943531838225
article,0.0016988619080959388
as,0.00037324494689365995
aside,8.026504585695273e-05
ask,0.0005211534568412718
asked,0.00027289482885597917
asking,0.000498363701579396
aspect,4.983553762173273e-05
assault,9.066101530448068e-05
asshole,0.00024753987769673795
assistance,6.087211072071301e-05
assume,0.0001733142392329205
assuming,9.189973844484601e-05
assumption,9.9463515044806e-05
at,0.001892656892654991
attack,0.00018247077930491626
attacked,8.085970793562442e-05
attacking,6.730127849548438e-05
attempt,0.00032424000511111487
attention,0.000287194480476976
attitude,0.00010787979369974783
author,0.0001011622028041821
authoritarian,0.00028462530175789145
authority,0.00012313413111476093
automatically,0.0006662299348131053
available,9.26525085742759e-05
average,0.00017507891010485845
avoid,0.00028329612130776385
aware,0.00021471299756329026
away,0.0005290314903423133
awesome,0.00023174707010443444
awful,0.0001940795713708446
baby,0.00044104140592742636
back,0.0009760403461095216
background,0.00018442189998848797
bad,0.0010847778386576204
bag,0.00010015858737213723
bailout,0.00012738841064031066
balance,6.0389731698410656e-05
ball,9.671707912814059e-05
ballot,0.00022459788891205002
ban,0.00040042055427689214
bank,0.00021691546428711752
bankrupt,0.00013101591067470134
banned,0.00033385842238272035
barely,5.488616284546626e-05
base,0.00011956308528785635
based,0.00043805228307616426
basic,0.00042882633270277895
basically,0.0005916659169089098
basis,0.00011016829696141507
be,0.003035046224260288
beat,0.00018057843005194857
beautiful,0.0001415205391250937
became,0.00015539329972891788
because,0.0016600912120143258
become,0.0004135925542403479
becomes,0.00020968993485819042
becoming,0.0002532592863487804
bed,8.571209722189242e-05
been,0.0013272687954667395
before,0.0006797211515488789
begin,0.00012179937364666288
beginning,0.0001110900225153328
behavior,0.00013367967772550854
behind,0.0002611272584072322
being,0.0014869294512730297
belief,0.00031954850712804866
believe,0.000851490060951644
believed,4.8888285995842626e-05
believing,7.809165017605576e-05
below,5.330909688219898e-05
benefit,0.00029845001781112423
bernie,0.0015800870420059677
besides,0.00010201517290005196
best,0.0005897747390711483
bet,0.00023140837743133738
better,0.001180829354918846
between,0.0004390894369015257
beyond,0.00013950644206647773
bezos,0.0009869816274686025
bias,0.00014023217612944735
biased,0.00012614389662084907
biden,0.0009478234608075872
big,0.0006417158803528727
bigger,0.00010272736841746575
biggest,0.00014243390250076444
bill,0.0007366259625123521
billion,0.0002634129042112593
billionaire,0.0017410685226048753
biological,0.00016372197271596122
birth,4.409947582019416e-05
bit,0.0006704161455325477
bitch,0.0006949252496427498
black,0.00045911567676113797
blame,0.00034671406031708805
blaming,6.881922850162102e-05
blog,6.419188544054504e-05
blood,0.00021363622562607445
bloomberg,0.0003636992110624135
blue,0.0002294403600763682
board,0.00010436745750025426
boat,0.00015981770281032164
body,0.00022088015364341712
bomb,0.0004005958435381531
book,0.0017608629811820583
boomer,0.0005341971025439959
border,0.0005089831347145361
born,0.00023351387581750936
bos,0.00017873958125655338
bot,0.0009600891110565169
both,0.0007186983647557298
bother,8.910947427666364e-05
bottom,0.00022368674417448547
bought,0.00011245252818492531
bourgeois,0.000683452566619951
bourgeoisie,0.00020488334744782314
box,0.00010758001071643902
boy,0.0003873163922319802
brain,0.00029374605914391785
branch,7.195659454188449e-05
bread,0.00039319187969190334
break,0.00021795792766958588
breaking,8.039071255775703e-05
bring,0.0004393070130110971
bringing,0.00010084025783701963
british,0.00024595013861838884
bro,0.00038158104697846287
broke,0.00013397106740890063
broken,0.0001790456679656432
brother,0.00025349619918584504
brought,0.00017893603594295126
brown,9.944010010357866e-05
btw,0.00012331828905108198
buddy,0.00021348515025262143
budget,9.633990105993356e-05
build,0.00024206207435977244
building,0.000253535870891175
built,6.482814219445417e-05
bullshit,0.0003972054716626612
bunch,0.000247152386315685
burn,0.00016856774469840985
bush,0.00010339011934308523
business,0.0006581588775543848
but,0.0029037470077277632
buy,0.00032819567078449575
buying,0.00012390003253734413
by,0.001981978908149199
california,0.0005944207867180647
call,0.0007776028614094357
called,0.0005413840822189279
calling,0.0004967613630048922
came,0.0003810599737210991
camp,0.00017576352953432682
campaign,0.00033225539526911637
can,0.002342989292933122
canada,0.0002593838555884523
canadian,0.00013076806893931557
cancer,0.0002781292190762008
candidate,0.0005466034624586779
cannot,0.0002510583057965375
cant,0.0002813763465644741
capable,5.784475579696812e-05
capacity,4.5533977954399806e-05
capital,0.0021873798858787247
capitalism,0.007726131420539398
capitalist,0.0053850824828108115
car,0.00014907993122812964
card,0.0002220039884121118
care,0.0009485974230584433
career,0.00011562989895691028
careful,9.425950485732544e-05
carry,7.967449915189687e-05
case,0.0006502241019777445
cash,8.95336826092889e-05
cast,3.5393038907172404e-05
castro,0.0013740170061083423
cat,0.0001254305233230305
category,9.581947319990851e-05
caught,8.091439259997509e-05
cause,0.000382640589488665
caused,0.00014549786617256915
causing,8.1988069040218e-05
ccp,0.0001395320081833588
cdc,0.0006900345391849221
cell,0.00010124532120464055
center,0.00024844660488022646
central,6.805581588949892e-05
centric,0.00012992027973157498
century,0.00010644025905882259
ceo,0.00021961453193809798
certain,0.0002335559355370599
certainly,0.00033018574521411116
chain,5.8328961876349256e-05
challenge,5.0751200867408456e-05
chance,0.0003037233157948783
change,0.0005488392060319145
changed,0.00016600852485712476
changing,0.00011764448966598516
channel,0.00015629680146580808
chapter,0.0001279719653211357
character,0.00010104566450529967
charge,0.00023661680176589216
charged,7.208405820434775e-05
charity,8.803948683296171e-05
che,0.0002660659918506144
cheap,9.591239787036422e-05
check,0.0006945688689134549
checked,7.933398432611514e-05
child,0.0006605078283634812
china,0.001423512560396092
chinese,0.0006919363781576327
choice,0.0003225128078795341
choose,0.00019008250754121728
chose,6.933633869964881e-05
christian,0.0003582928298876567
church,0.00017238249171494717
cia,0.00022927599864020816
circle,6.611707140348908e-05
circumstance,9.884980554142236e-05
citizen,0.0004118402826937333
city,0.0003837032315096606
civil,0.00031346478897473733
civilian,0.000123440531513483
claim,0.0004528440663728059
claimed,5.3203511007553924e-05
claiming,8.906835316421633e-05
class,0.003343237903279515
classic,7.86080652077756e-05
clean,5.454969695557308e-05
clear,0.00023858232389061822
clearly,0.0002490705882479615
click,6.974323533515532e-05
climate,0.0001707276318251596
clinton,0.0002025241612336755
close,0.00039760204256230177
closed,0.0001342416747871352
closer,6.786996735108035e-05
closing,6.422406168740173e-05
clue,0.00016203217466876556
cnn,0.0005431814544089359
co,0.00019463433237636564
code,0.00011708541365041375
cold,0.00013861583617227476
collapse,0.00012946008909054638
collective,0.0002919730437339134
college,0.0005595597877122069
color,0.000136852468067811
com,0.0010765856824666963
come,0.0009225690673997937
coming,0.0004005790683723593
comment,0.001049588439878618
commie,0.0003790096332063867
commit,8.232036993495668e-05
committed,9.747156507888679e-05
commodity,8.442974247210665e-05
common,0.00037685206600157265
communism,0.0019275387802415078
communist,0.0014455842825284552
community,0.00021785241967533508
company,0.000778389203221163
compare,7.861126309025453e-05
compared,0.00014160851886668862
comparing,5.391434940351694e-05
comparison,0.0001565233219173827
compete,0.0001447427811967206
complaining,6.533451135245613e-05
complete,0.0001672059130015363
completely,0.0004902234431827346
complex,0.00011947340767461198
complicated,0.0001016551448007608
compose,0.0009017426138793736
computer,7.934210223156508e-05
comrade,0.0023107874713105747
concept,0.00016947336420496464
concern,0.0007435997607937495
concerned,0.00013085566985230907
conclusion,5.90928980401082e-05
condition,0.000276154805220274
confirmed,9.754123878823798e-05
conflict,7.936077593095663e-05
confused,0.00010890987670823954
congress,0.00037325765233831487
connection,0.0002111374899863791
consciousness,0.00041422567189357094
consensus,5.1483225216539355e-05
consequence,8.452188972174857e-05
conservatism,0.00022697054856567187
conservative,0.005625656995931356
consider,0.00024238383861796618
considered,0.00025805089507110383
considering,0.0001266353249898797
conspiracy,0.00030223024816176627
constant,6.476998182491673e-05
constantly,0.00011396826972379364
constitution,0.00024873489556802346
constitutional,6.0521546723551514e-05
consumer,4.8389088191847644e-05
contact,0.000587649034672791
content,0.00038214361507836426
context,0.00021272196039210465
continue,0.00020905580084389918
continues,3.4115540643431304e-05
contract,5.567001498305353e-05
contribution,0.0001536252875908712
control,0.0004951885437576664
controlled,9.424829731103108e-05
conversation,0.0002302851656295409
convince,0.00018601354644636568
convinced,6.945643429437002e-05
cool,0.000616450967919932
coop,2.498979087888581e-05
cooperative,0.00016185510201015198
cop,0.0002754985941573956
copy,0.00011662643006108054
core,8.66243466287415e-05
corona,0.0002600894888069919
coronavirus,0.0008341577562000608
corporate,0.00019565735501159107
corporation,0.0003749283953399053
correct,0.000396066794015631
correctly,0.000189822174642319
corrupt,0.0002291229540520617
corruption,0.00022035172566942823
cost,0.00038523695788499394
could,0.001057608822294991
couldn,0.0002560539341580463
council,5.0279390441548014e-05
count,0.00022457068918894905
counter,0.0001017999939565147
country,0.0012993492465646292
county,0.00011314397105084318
coup,0.00011736010269008429
couple,0.00013342816291876645
course,0.0004907828375933001
court,0.0002510998506069618
cover,0.00019158774381016768
coverage,4.157968987320668e-05
covered,4.6885329498377756e-05
covid,0.0005659347531998428
covid19,5.8473385237410623e-05
crap,0.00023037603786188284
crazy,0.0009508001891192405
create,0.0001994204100512474
created,0.00017901931600517544
creates,6.442941519075193e-05
creating,0.00010795655101542584
credit,0.00013769625222010415
crime,0.00033352102926756074
criminal,0.00044889418674955606
crisis,0.0005759922755677224
critical,8.424429236821685e-05
criticism,0.00022428293811159138
criticize,7.423274096354858e-05
criticizing,6.379900869391111e-05
critique,0.0003553471776608949
crowd,9.087072614884792e-05
cry,0.00023658824674425386
cuba,0.002369360276981407
cuban,0.0007294931000698214
cult,0.00011010189550018039
cultural,7.122704474714528e-05
culture,0.0001935967356731293
cuomo,0.00014148740085278565
cure,0.00012163917654382507
curious,0.0001498415185320087
current,0.0002447978094162745
currently,0.0003066922011065019
cut,0.00023240575498892352
cutting,8.388113886317831e-05
cycle,5.1833041842955346e-05
da,0.0003517141540094826
dad,0.00013480569309858655
daily,0.0001807804306478522
damage,0.00011090338654920405
damn,0.0005785638702441265
danger,7.320488947089907e-05
dangerous,0.00014666761462010257
dare,0.00020081351724746336
data,0.00030032253127096646
date,0.0001435455593843167
day,0.000825481622338772
de,0.00022280560060751608
dead,0.00031508859981511206
deadly,0.00013858218621158093
deal,0.00027117441296288226
dealing,8.519697237213043e-05
death,0.0007275156129710217
debate,0.0002917358143034507
debt,0.00016141735149054125
decade,0.00012974129726009127
decent,8.017146223685807e-05
decide,9.180035680237441e-05
decided,9.356571078289507e-05
decision,0.0001790388864348626
declared,4.795781184481392e-05
deep,0.00019711889824058516
defend,0.00019391988713692962
defending,0.00021975123475585266
defense,0.00023868097666413424
defined,4.427250010622585e-05
definitely,0.0006546066091513447
definition,0.0003488583249995309
degree,0.0001838610148066182
deleted,0.0003619675339125188
dem,0.00043423610682463216
demand,0.00013666632906402925
democracy,0.0010878702829797042
democrat,0.005100880537663788
democratic,0.0006665524212065081
dems,0.0011066902035384318
denied,6.307042903841107e-05
department,0.00013674035235021486
dependent,6.0123115173183335e-05
depending,3.747001521078789e-05
depends,0.00014193088622684662
depression,0.00010572488601275129
describe,0.00010716136190328182
described,8.325443531061881e-05
description,0.00012887818693541772
deserve,0.0002715172719815304
deserves,0.00019898842213185775
design,4.3697729135857315e-05
designed,5.203436553161099e-05
desperate,4.811405683754803e-05
despite,0.00020735062398059416
destroy,9.618130418344688e-05
destroyed,0.00010016875133169656
destroying,5.61707558713893e-05
detail,0.0002049259897518652
develop,2.862092942058696e-05
developed,6.108958324265855e-05
developing,3.388660069537874e-05
development,0.00017778094298925187
dick,0.00023188585725414477
dictator,0.0009654574782494733
dictatorship,0.0005192009306689265
did,0.001483605418132926
didn,0.0009644899093473327
didnt,0.00019949144045971554
die,0.0005915440421025463
died,0.0002770442959483007
difference,0.00043167402480940274
different,0.0006038057636373425
differently,6.560366299935752e-05
difficult,0.00011497496796785783
digital,7.147546490902622e-05
direct,0.00013541856441220753
direction,3.581137062195224e-05
directly,0.00023445238223965276
director,4.3571966943893946e-05
dirty,9.828172516132017e-05
disagree,0.0003622071357732021
disaster,7.84683400967956e-05
discord,0.00016946421493914407
discus,8.603695139934089e-05
discussing,5.8824387187194535e-05
discussion,0.0003418224799217217
disease,0.0004442583697588238
disgusting,0.00043486934093274005
dislike,0.00014179078988758889
distancing,0.00011979639263421947
distinction,3.669090259390649e-05
distribution,0.0001343783627885687
district,7.042910961760954e-05
divide,7.322638789302443e-05
dnc,0.00041294290037382396
do,0.002633610850851781
doctor,0.00047522807616892675
document,9.07692084716063e-05
doe,0.0011396250414157378
doesn,0.0009498366313133096
doesnt,0.0001767725067253027
dog,0.0001295312465194103
doing,0.0007863002019848123
doj,0.00011303253385128976
dollar,0.0003064297157205568
don,0.001985607271591065
donald,0.00016178217362230028
donate,7.604602578891294e-05
donation,0.00017077927545167782
done,0.0005710871668151365
dont,0.0005591247666681547
door,0.00013290595224405734
double,0.00018823582791209086
doubt,0.00022223081681526003
down,0.0008388666679829906
downplaying,6.726938678237694e-05
downvote,0.0001140079590725418
downvoted,0.00024720098476052594
dprk,0.0002592577355159662
dr,0.00021164081278553972
draw,7.464303552039565e-05
dream,0.00014770271274162304
drive,0.00014298508479151253
driven,5.2100378248139264e-05
driver,5.7330370382312956e-05
driving,6.327617504410789e-05
drop,0.0001964257386042685
dropped,9.870550319902864e-05
drug,0.0005221838182637915
dsa,0.00011128952699150452
dude,0.0006410510989942681
due,0.00030189400611143366
dumb,0.00040502715922747075
during,0.00038433369566391357
dy,0.00013444015144729217
dying,0.00018233349386822975
each,0.00031359858192421135
earlier,0.00010573225099176816
early,0.0003247392596625337
earn,0.00016623676020185624
earned,7.896106423254969e-05
earth,0.0002434408639981434
easier,0.00013839825482188
easily,0.00017962906152345817
east,8.99528061770535e-05
easy,0.00034337549848252586
eat,0.000490014903343583
eating,8.862596215775913e-05
ebola,8.420612056150506e-05
economic,0.0004080208664746591
economics,0.00019920786066416964
economist,3.1582402064755055e-05
economy,0.0006722605870445878
edit,0.00014057572739522173
educate,0.00010860129730053021
educated,4.906454575110286e-05
education,0.0005610044899376544
effect,0.0001561431741178945
effective,0.00014280654773855283
effectively,5.35908468061252e-05
effort,0.0002436840882032168
either,0.00047746892306827713
el,0.0003871448710412895
elderly,0.00010692696531342243
elected,0.0002671288896171825
election,0.0012685660201919957
electoral,6.220302554255014e-05
electoralism,0.0002835040216969329
element,9.989348778660157e-05
eliminate,3.766002171008502e-05
elite,7.11679090970367e-05
elon,0.00043199803316692364
else,0.0005152049706714339
em,0.00019882743834761837
emergency,0.0003835273937605133
empire,8.237270952946874e-05
employed,0.00010300496113041532
employee,0.0004715880395540631
employer,0.00011490729127161765
employment,8.336090973776272e-05
en,0.0004080808659781499
encourage,4.9133621786062964e-05
end,0.0006146442057214396
ended,0.00011279407072864537
enemy,0.00023617210988650957
energy,0.00013793862428805823
enforcement,8.60097438244493e-05
engage,6.426455242921058e-05
engels,0.00016463827148058315
english,0.00028918159613515617
enjoy,0.00021611384913028
enough,0.0008050154769903728
ensure,5.297249526641194e-05
enter,7.936216712297384e-05
entire,0.00039380035811654345
entirely,0.00031632512903363133
entitled,0.00016405101332978976
entry,4.274965630943415e-05
environment,8.206842350180651e-05
epidemic,4.4556527782120076e-05
episode,0.00012550448250597883
equal,0.00022747445000189788
equality,0.00012563339628598056
equally,9.894270621831298e-05
equipment,7.717722082963077e-05
era,3.073371669252001e-05
escape,6.439926692973273e-05
especially,0.0002463880281297158
essential,0.00014010373953790068
essentially,0.0001292093246886346
established,8.217805058194443e-05
establishment,8.202313602534547e-05
estimate,4.329412205651035e-05
estimated,2.850692034066716e-05
etc,0.0004887886477299092
ethical,0.00010745267746035907
eu,0.00011062530882242424
europe,0.00026085064703893786
european,0.00013721914457127862
even,0.0014119909410225595
event,0.00010818598832694572
eventually,0.0001021323275185697
ever,0.0006557945324938128
every,0.0008439470933185735
everybody,0.00013458333400990485
everyday,0.00010495177895757985
everyone,0.0007805881972838401
everything,0.0005504163890773826
everywhere,9.22884221484978e-05
evidence,0.0006789282224612463
evil,0.0004967457184323551
evolution,5.432322571599045e-05
ex,6.108635160612615e-05
exact,0.00014648056956994708
exactly,0.0007489049633445922
example,0.0004065641806978531
excellent,0.0002915721160060582
except,0.0003841610949882159
exception,5.9420213767387096e-05
exchange,6.49783356428699e-05
excuse,0.0002077164945614939
executive,0.00014332212446628996
exist,0.000297098125701682
existed,0.00010307932511029637
existence,7.3496609040475e-05
existing,9.823177506639331e-05
exists,0.00015817368735186182
expect,0.00023394716850386326
expected,9.802931493385483e-05
expense,8.527672016011193e-05
expensive,5.402442949380959e-05
experience,0.00025217002477241195
experiment,2.482940911513198e-05
expert,0.00023056130594381645
explain,0.00044635273570517247
explained,7.938489477278031e-05
explaining,5.2370204134727224e-05
explanation,7.553447515931248e-05
exploit,0.0002977339524599455
exploitation,0.0004725643003965399
exploited,8.776494076318934e-05
exploiting,0.00021993872647656744
exposed,7.113976711341505e-05
extent,5.408194780049137e-05
extra,0.00016104000201682122
extreme,0.0001134507277602393
extremely,0.00015092804866346794
eye,0.0002336336497514388
f5jbtn,0.00025285788242081453
face,0.0004696612734808123
facebook,0.00012525716582973114
fact,0.0010305282480656064
factor,9.360892796409473e-05
factory,4.811872884060515e-05
fail,0.00014481323437330346
failed,0.00017114076437299206
failing,0.0001292001613763528
failure,0.00024219234964638277
fair,0.0004247991763947617
fairly,0.00011829885830169501
faith,0.00016460246281182483
fake,0.000550026223754001
fall,0.0002494787125402376
false,0.00028624675058312173
familiar,5.745122784250482e-05
family,0.000496871959659935
famous,6.936899696454447e-05
fan,0.0002475680857899939
fantasy,0.0001013439215207921
far,0.0005371747148680109
farm,9.047486530709029e-05
fascism,0.0011881604031681212
fascist,0.0016830883038520391
fast,0.00014919006497496586
fat,0.00020736643727275374
fatality,5.3649486916258345e-05
father,0.0003817755875703304
fauci,8.929332002741275e-05
fault,0.00025418467712661066
favor,0.00013427007599625234
favorite,0.0001256183812764964
fbi,0.00020341541631215408
fear,0.0004257918653041147
feature,6.640543811939304e-05
feb,1.8575156749182828e-05
february,3.182042355595825e-05
fed,0.00020987244868681624
federal,0.0005485522192655026
feed,0.00012572856855517616
feel,0.0008042246502288882
feeling,0.0002621804872787237
fellow,0.00021740879039714578
felt,7.15948423102228e-05
female,0.00012939716498087896
feminist,0.00010155626836766921
feudalism,0.0002290837245171678
few,0.0004664639339802908
fidel,0.0006037697755989052
field,0.00012567044289229864
fight,0.0004484797674531149
fighting,0.00026350926443535397
figure,0.00018391292846614202
file,9.412109517491481e-05
filled,5.8605093849625105e-05
film,0.00010073787916194979
finally,0.0003304670847605579
finance,4.094018599807081e-05
financial,0.00010505546242215928
financially,8.757414438424452e-05
find,0.0006123860214107426
finding,6.887764110624581e-05
fine,0.00042245761909094756
finger,0.0001592876415695077
fire,0.0003160751385754401
fired,0.00015095916920696502
firm,5.6531843113730176e-05
first,0.0008995433132320909
fish,0.00012134752407812937
fit,0.00014610736807687345
five,0.00011755287670496076
fix,0.0001737389571814599
fixed,7.30578042535282e-05
flag,0.0002960681760551609
flat,3.885647922996911e-05
flaw,3.239077484084679e-05
flight,0.00010230100822577897
flooding,0.0002401233034676569
florida,6.709654386495264e-05
flu,0.0026333472984798514
focus,0.00016047910709808772
folk,0.00017513005794763406
follow,0.0002847085476402819
following,0.0001495540298259794
food,0.0005442732335495888
fool,0.00013038400430112826
foot,7.424827747980747e-05
for,0.003701170010741388
force,0.00031950276690720993
forced,0.00016271130655321853
forcing,5.870875880029229e-05
foreign,0.00015439251922099164
forever,0.00014515944747569168
forget,0.00024879113883109885
forgot,0.0002633038439466197
form,0.0003001152189515418
former,0.0001354128357731223
forward,0.00018086061476950267
fought,0.00011874890151711286
found,0.0003290180867892969
foundation,4.5059882603361365e-05
four,0.0001249552372206904
fox,0.0004295249465780182
france,4.020099612605554e-05
fraud,0.0004273376472447406
free,0.0009424557188734663
freedom,0.00037092737180595436
french,0.00045911300876121683
friend,0.0004684779854826381
from,0.0019488867828019074
front,0.00017789469059003871
fruit,7.534551741539463e-05
fuck,0.001568420723996463
fucked,0.0003245054402430093
fucking,0.0011940186624401917
full,0.00046189302255058326
fully,0.00013014694254401312
fun,0.00025314107784717686
function,4.7122390422069945e-05
fund,0.00023158569110537966
fundamental,8.061926175222595e-05
fundamentally,0.00015594705866709606
funded,0.00010615049784546286
funding,0.00032510042872100655
funny,0.0006461906252497818
further,0.0003048592007233188
future,0.00023649639111174463
gain,0.0001612379365292493
game,0.0002762182213175476
gang,0.0001506512528942967
garbage,0.00013876820577641083
gas,0.00012178249595751224
gate,0.00026770012671515985
gave,0.0002834542791500551
gay,0.00033426225363066654
gdp,0.00011434364867211364
gender,0.00019249052450120865
general,0.0002370490227054838
generally,0.00021505097909466257
generation,0.00010291441322817352
genocide,0.00028001522742082343
genuine,0.0001363834501101333
genuinely,0.00011588626712875432
german,0.00012853287720275672
germany,0.00021593333014332638
get,0.002150480420238156
getting,0.0006936768565335178
girl,0.00019203398382775373
give,0.0009263521525423333
given,0.0003969307474409017
giving,0.0003224881652103588
glad,0.00028795529293020424
global,0.00014956931996300908
globally,6.9831385806306e-05
go,0.0014609040635976533
goal,0.00026555823149969213
god,0.000771081488436433
going,0.0013711662905989289
gone,0.00023100622681391643
gonna,0.0005593169339330124
good,0.0020464749905364913
google,0.0003834141931759832
gop,0.0002121610287522098
got,0.001170931949757457
gotta,0.00020752834765542743
gotten,0.0001248750993180119
gov,0.000195482531427446
government,0.0012842036058199988
governor,0.0004849357010238248
govt,7.629794033661885e-05
grade,7.890902228247319e-05
graffiti,0.0007384117940239051
grand,6.165452273843781e-05
grant,3.6345436250319105e-05
granted,4.654910178329452e-05
great,0.0009312341889847808
greater,0.00013053577495064907
greatest,8.792192205047417e-05
greed,8.722640777098161e-05
greedy,0.00012312981598211562
green,0.00032765199649610214
grew,7.906678158577229e-05
grocery,8.633060845296944e-05
ground,0.00016921509443217214
group,0.0005409178572403354
grow,0.00018969302007077602
growing,6.26087999324074e-05
growth,8.56787432606363e-05
gt,0.0016239858757340273
guarantee,0.00010014097099135747
guard,0.000107058128811729
guess,0.0005674569032607643
guevara,3.7874938204143386e-05
guideline,6.528415691800984e-05
guilty,8.583037768357302e-05
gun,0.0009581718840377683
guy,0.0009716263578100796
h1n1,6.907753285533736e-05
ha,0.0018406697590138898
had,0.0016664448259658595
haha,0.00042195015583823455
hair,0.0001252731145850229
half,0.0003241758071501255
hand,0.0005236850609681435
handle,0.00015621965790436567
handled,3.321450314039264e-05
handling,0.00011762794827288065
happen,0.0004698029541657449
happened,0.0004768357930040732
happening,0.00034019105820845503
happens,0.00025348009279357555
happy,0.00038768900226599363
hard,0.000631037098790826
harder,0.00016806865575172278
hardly,5.4338981163843545e-05
harm,0.00014123141678111113
hasn,0.0001644093169094545
hat,0.00010495528108899361
hate,0.0008063684343256592
hatred,4.920050221326831e-05
have,0.0029287345607345297
haven,0.0003051434024428123
having,0.0004924490308015665
he,0.0039963776298555295
head,0.0003145514226210762
headline,0.00013932794846737478
health,0.00043495782132332573
healthcare,0.00042668802792726466
healthy,0.00013470566628617466
hear,0.00041926515776563643
heard,0.00048241829868294765
hearing,0.0001728414959031787
heart,0.0002660511913848167
heavily,6.108637128064812e-05
held,0.00010986106313331789
hell,0.0004131286914165088
hello,0.00031051370464547646
help,0.00078045975723669
helped,0.00012206895558701816
helpful,6.877572909797782e-05
helping,0.00017823505788779515
her,0.0018761092661969774
here,0.001431682370316452
hero,0.0005733052756430485
hey,0.0003878886482357796
hi,0.0003047211795256004
hide,6.304004122795193e-05
high,0.0004735657252578476
higher,0.0002527983079752835
highest,5.926438495260636e-05
highly,0.00011502011590034736
hilarious,0.0003221954146117651
hillary,0.0006498834841722092
him,0.0016979947185732259
himself,0.00026653640551723535
his,0.001708522469512718
historical,0.00014156356043401982
historically,0.00010447397945647079
history,0.0007110941907045138
hit,0.0003552345676099182
hitler,0.00030494114514941303
hoax,0.0007188724294297193
hold,0.000262642832763602
holding,0.00010612417419191331
hole,0.00013707280993634528
holy,0.00036582985664290594
home,0.0005773400282987767
homeless,0.00012153424424466858
honest,0.00026722759077125845
honestly,0.00036190123565727703
hope,0.0007954462761120736
hopefully,0.0003428096095187154
hoping,0.00015654533304550086
horrible,0.0001610740946999381
hospital,0.0003441866326512052
hot,0.000103596134178999
hour,0.00028801547247014783
house,0.0005340292114149177
housing,0.00036318077573984644
how,0.002225647646099727
however,0.0002916798990406412
htm,0.00014238927815942096
html,0.0001987005924307765
http,0.0015731521435210082
huge,0.0001749814805233754
huh,0.0002563903626751754
human,0.0008567169457001851
humanity,0.00011898625570504144
hundred,0.00014996272518166318
hunger,9.315623888686529e-05
hungry,0.00017573426703448606
hurt,0.00028309278446780314
husband,6.044085519322955e-05
hypocrisy,0.0001665792827788229
hypocrite,0.00014705212172814856
id,0.00018563881247563252
idea,0.0008780265844899345
ideal,0.00011746348160528973
identify,4.974457290509771e-05
identity,7.387537005374784e-05
ideological,6.572676372480456e-05
ideology,0.0008726790149238983
idiot,0.0017038034927960583
idk,0.0004394385474296672
if,0.002386173697441854
ignorance,6.372305646652515e-05
ignorant,0.00027591823370481564
ignore,0.0001799388218065148
ignored,5.0439122575859174e-05
ignoring,6.877890257416223e-05
ill,0.00022419432057880966
illegal,0.0007288487923720781
illegally,0.00013882425021311884
illegals,0.00030571453895000833
illness,0.00012165152666142801
im,0.0003731181083334203
image,0.0005694646295008582
imagine,0.0004967394257743633
imgur,0.0001698738124204665
immediate,2.6168459659946103e-05
immediately,0.00016022813622036702
immigrant,0.0002777223280105157
immigration,0.0003599404305017305
immunity,8.073129319460074e-05
imo,0.00013347147722191446
impact,8.236355794100175e-05
impeachment,0.0005864580348310582
imperialism,0.0007188086517017307
imperialist,0.0005033625852186258
implement,3.174212824598373e-05
implemented,3.6428211657044766e-05
important,0.0004577162014583397
impossible,0.00024018716434097932
improve,7.711433860051146e-05
in,0.004055932778976124
incentive,3.741402283164323e-05
include,0.00010522166448181427
included,0.00010094202144292806
includes,6.982171963029285e-05
including,0.000270461927401698
income,0.00023389700657916907
incorrect,0.00014830681022196123
increase,0.00012949065455888798
increased,6.326402623046495e-05
increasing,5.271273972474634e-05
incredibly,0.00032308870096027324
indeed,0.0003112897535131983
independent,9.662479832179588e-05
index,0.0002450830148835636
individual,0.00027633938566366703
industry,0.00046179640550610775
inequality,0.00013881850141902658
infected,0.00021310198585030966
infection,0.00015747616122255685
inflation,9.040737383383145e-05
influence,0.0001388166803549237
influenza,4.976345326774525e-05
info,0.00024043052838306294
information,0.0004297025549932095
informed,5.648599921725714e-05
infrastructure,6.776709737302515e-05
inherent,6.213154570853479e-05
inherently,0.00024105021768160707
innocent,0.00010729666730613148
insane,0.0002913676032539078
inside,0.00017267360036327703
instance,7.796055150877235e-05
instead,0.0006171583789640656
institution,7.109129626401227e-05
insult,0.00022187502634310376
insurance,0.0001725293787070738
intellectual,8.489659775719239e-05
intelligence,5.8633988195273744e-05
intent,7.921594555884694e-05
intention,5.4457676997781156e-05
interest,0.00027735213279224895
interested,0.0002515678945557218
interesting,0.0004365417410678593
international,0.00036799845185065674
internet,0.0002950828687702625
intervention,7.682169731832106e-05
interview,0.00012929789029843746
into,0.0009669919603314987
invasion,5.90127256002988e-05
invest,7.487211125969784e-05
investigation,0.00021711925577519797
investment,0.00018109511538091819
investor,3.6206592048000196e-05
involved,0.00013015447916877614
iran,9.821531217336743e-05
iraq,3.198730355645989e-05
irony,0.000290863477606661
irrelevant,7.52556871557185e-05
is,0.0068982896181022
isn,0.001040448986629199
isnt,0.0003118443178889393
israel,0.00020383237092135506
issue,0.0005832033524423469
it,0.005173606477307029
italy,0.00016368133919361037
itself,0.0003421356507653442
jail,0.00027194526278827335
jan,5.0800252423313915e-05
january,0.00013305481057786087
jeff,0.00012573699654460009
jesus,0.000243590327880154
jew,0.0001009521084675579
job,0.0010093393001219244
joe,0.0008777116637798279
john,8.509467651883063e-05
join,0.0003138985347825841
joke,0.0005064084030322889
journalist,7.740421467764734e-05
jpg,0.00015233877358460007
judge,0.0002408746076330358
just,0.0027016828084909157
justice,0.0002870577980649971
justify,0.00013995558491855143
keep,0.0009721473953749904
keeping,0.0001610865658842544
kept,6.196098681059028e-05
key,0.00020221496331261656
kick,7.150444969001894e-05
kid,0.0006280857055895097
kill,0.0006137218567365779
killed,0.0003117583499836005
killing,0.00026518367941918926
kim,7.649657565218931e-05
kind,0.0006907154265700935
kinda,0.000484171235067516
king,0.00014758163279509612
knew,0.00020865064124919153
know,0.0017180891897874727
knowing,0.00011348299669869539
knowledge,0.00014501052699258425
known,0.0002192799639891318
korea,0.0002541891600349531
kropotkin,0.00026154977456062205
la,0.00034066472497510265
lab,6.755734136344582e-05
label,3.8435020494648785e-05
labor,0.0011962481583450172
labour,0.0008521378834978304
lack,0.0002681165919540041
lady,0.00017380447055440662
laid,7.6075393902446e-05
land,0.00023884608458040542
landlord,0.0016545717021483404
language,0.00020037630657213917
large,0.00030201159793002855
largely,7.877325345052023e-05
larger,6.208650690017112e-05
largest,7.905757502232683e-05
last,0.0005993719675172343
late,0.00022100334479490877
later,0.00020008443532499952
latin,9.027099094604733e-05
latter,0.00013037632605152798
laugh,0.00018745473984846769
law,0.001393245865733459
lawyer,8.342274737043792e-05
lazy,0.00010202657754334835
le,0.0005929071188648758
lead,0.00027279128598551276
leader,0.0002272512431053716
leadership,7.686988556940341e-05
leading,7.504951236910532e-05
leaning,6.443764865367718e-05
learn,0.000442494797725429
learned,8.422937588823803e-05
learning,0.0001517658994106922
least,0.0006341279609732003
leave,0.00038564736534564027
leaving,0.00011105459758311657
led,6.786435456324388e-05
left,0.001227316129207646
leftist,0.0006355631550545831
lefty,0.0002505650636218683
leg,8.064997558287717e-05
legal,0.00024312331708974824
legally,7.679402782279593e-05
legitimate,6.647211124525674e-05
lenin,0.0007432245995042745
leninism,0.00017780968788316072
leninist,9.034661378035837e-05
lesser,0.00017311035090689816
lesson,7.949868585982715e-05
let,0.0011374273564754875
letting,0.00011293687975405406
level,0.00027342494933675426
liar,9.534279304253836e-05
liberal,0.0011229559210023563
liberalism,0.00018230851266657516
liberation,0.00013740560856629437
libertarian,0.0002565944287890628
liberty,0.0001321643937241549
library,7.266447473967529e-05
libs,0.0003088281880338167
lie,0.0004049823931461932
lied,8.071617013329935e-05
life,0.0008426530422673263
lifetime,0.00011085899237967834
light,0.00015538109519693221
like,0.0025282237520694115
liked,0.000135814876593569
likely,0.0003547906727137239
limit,0.0001306650567834982
limited,5.893042215409355e-05
line,0.0004302752668449907
link,0.0005292411004618309
linked,0.00012259799324044056
list,0.00022867658358245024
listen,0.00020615857250040067
listening,0.00013597178934144619
literal,9.982898577901588e-05
literally,0.0006085802806406908
little,0.0005301214633489221
live,0.0008345443830152112
lived,0.0001692517702161491
living,0.00036308903332250944
lmao,0.0005325700685147573
loan,0.0003147693289919665
local,0.0002323044764251323
lock,0.00014766464940344808
lockdown,6.557888954028094e-05
logic,0.00021066810573836154
logical,8.688324469965548e-05
lol,0.0012235337689550986
long,0.0006511963119278373
longer,0.0002555615468424634
look,0.0011926325157709408
looked,8.120969823817572e-05
looking,0.0003429509357761279
lose,0.0001886131175249446
losing,0.00017466415646330102
loss,0.00013700460016823123
lost,0.00044103482754231194
lot,0.0009333860606496799
love,0.0010955765550702897
loved,0.00017083371836033398
low,0.0003197720103992957
lower,0.00011891609127136222
luck,0.0002960637517514157
lucky,0.00011842930082050974
lying,0.00020586885684584637
machine,0.00011441941979136353
mad,0.0005108353469175499
made,0.0009742043289741961
mail,0.0005994345537281043
main,9.917694023819053e-05
mainly,8.110965838223843e-05
mainstream,9.72242672264166e-05
maintain,0.00010698357630400638
major,0.00019990568247793162
majority,0.00025140789209552954
make,0.0015657892937786142
making,0.0005973495255796495
male,0.0001720489098459495
man,0.0010570318810448345
manage,4.11799116884684e-05
managed,5.1853658975284415e-05
management,6.0614134720735706e-05
manager,0.0002447164320751598
manifesto,0.00019785127070739457
many,0.000890169475889481
mao,0.000258534160134808
mar,2.0699483596851948e-05
march,0.00012577343511733187
mark,0.00013068082782875017
market,0.0003325913178264538
marriage,5.904098968730402e-05
marx,0.0008068046240441806
marxism,0.0008135653626773812
marxist,0.0018755783112058414
mask,0.00020489896312091995
mass,0.00028532497324514197
massive,0.00017580458014693627
master,0.00011171326691795183
mate,0.0002658400521384889
material,0.0006332357482748035
math,0.00017513829932925938
matter,0.0005962568609632407
may,0.0006029487323792039
maybe,0.0007282676240125135
mayor,0.00010977605230945496
me,0.002072101879243891
mean,0.0017228935311783859
meaning,0.00012097848426093366
meant,0.0003133045516404392
meanwhile,4.489695350645342e-05
measure,0.00010179038372881789
meat,0.00010836769272448846
medical,0.0002736552750336621
medicare,0.00016035871560581393
medicine,0.00011871854039645566
medium,0.002189211296036365
meet,0.00019681328806467942
meeting,5.253503056725411e-05
megathread,0.0003078401603383234
member,0.00026363820161953515
meme,0.0004359268585061536
men,0.00032921018691973986
mental,0.0002948391617807585
mentality,5.615881448799975e-05
mention,0.00020578434227312952
mentioned,0.00012368692656238275
merit,5.2676687761629185e-05
mess,0.00011245871926875752
message,0.0007210013739840465
met,9.08360856035216e-05
method,5.701234039030289e-05
mexico,0.0001734326103380091
michael,0.00027037276084288474
michigan,0.00013889381785775872
middle,0.00026211978924186517
might,0.0007673303974075625
military,0.00028325397899374704
militia,3.3540070217324516e-05
million,0.0005868725929187332
millionaire,0.0002617497826894854
mind,0.0005352948219363536
minded,6.524492089584888e-05
mine,0.0003135655256026246
minimum,0.00028600039926174434
minor,3.919949457128986e-05
minority,0.00015315203367795134
minute,0.0001847078512360125
misinformation,7.641748952687644e-05
miss,0.00017992687844923806
missed,8.264835529107869e-05
missile,0.00017743969718467956
missing,0.00022473807737217276
mistake,0.0001477289394571481
ml,0.0001643230425576264
mod,0.00018471322007392288
model,0.00017211754970487359
moderate,0.00013497116717238957
moderator,0.0007205041975984131
modern,0.00023843444502801492
mom,0.00014312206926909892
moment,0.00021764911970704792
money,0.0011226864131978814
monopoly,6.289771085337653e-05
month,0.0003707337919827803
moral,0.00013155052203696067
morality,6.878887251606315e-05
morally,7.479710741940822e-05
more,0.001972204871958867
morning,0.00011515903118759463
moron,0.0005328412888631421
mortality,9.587859278767978e-05
most,0.0010075219066192447
mostly,0.00020737582753071535
mother,0.00021981171278841736
mouth,0.00011172899947308262
move,0.00031617526945763624
moved,5.5327471927242355e-05
movement,0.0006868580865464811
movie,0.0001971041221084606
moving,5.346378007986186e-05
mr,0.00018959480314198953
msm,0.00043588921325250004
much,0.0013953341133107707
mueller,2.205330381305908e-05
multiple,0.0001915607458537943
murder,0.00032976459097982294
murdered,0.00020149235611658723
music,0.0002766642751070751
musk,0.00048245634831549854
muslim,0.00014919507430361488
must,0.00047637274591534357
my,0.002142328189691187
myself,0.0002728547078303023
nah,0.00030435455921009284
name,0.0005217650512794129
nancy,0.00035056766950248663
narrative,0.00019118007069543464
nation,0.0003483913990325647
national,0.0002866205145957954
native,0.00016501782609563544
natural,0.0001569791818350081
naturally,6.585548095692332e-05
nature,0.0002807259450970173
nazi,0.003866531419587494
near,0.00016295900880692433
nearly,0.00016530869099945752
necessarily,0.00012195668303352836
necessary,0.0002892824128862257
necessity,3.787835478645529e-05
need,0.001547643816472211
needed,0.0003032357880561064
negative,0.0002909222742168464
neighbor,8.750953331545982e-05
neighborhood,7.034693198118681e-05
neither,0.0001788639713428972
neo,0.00014632587293040336
neoliberal,0.0003230993401769167
neoliberalism,0.00042832642193668305
net,0.0002609336396818106
network,7.42341544144999e-05
never,0.0011248893429123762
new,0.0007780967762151771
news,0.002350546626909429
next,0.0005029473831293402
nh,7.963460272459073e-05
nice,0.0005485419407346633
night,0.00023790410682155875
no,0.0029510860118752407
nobody,0.0003801726923004627
nomination,4.883726847480179e-05
non,0.0002648361569364562
none,0.00018986331960361573
nonsense,0.0002464527235315586
nope,0.00023398830834091985
nor,0.00012898680645176435
normal,0.00019888827564912084
north,0.0003849221785187511
not,0.004839147522210184
note,0.0001242840033346479
nothing,0.0008106610859870352
notice,0.00023093917022520719
noticed,7.939357237858016e-05
november,0.0002567746319405936
now,0.0016145266480156535
np,3.4700227109821566e-05
nuclear,6.745811036618343e-05
number,0.0006462434753236433
nurse,7.693382748541647e-05
ny,0.00016181407323215545
nyc,0.00010344237402902901
nyt,0.00012940908934022842
nytimes,4.776728564811894e-05
obama,0.002913395573480203
obtain,5.191730401078187e-05
obvious,0.0002217604408471792
obviously,0.00028073303685644495
of,0.005149849011505094
off,0.000983404580864036
offensive,9.453626454848977e-05
offer,0.00012522143801739374
office,0.00036639099969476053
officer,5.5591844229083915e-05
official,0.00015796607359157456
often,0.0003041424405178449
oh,0.0008897502768424666
oil,0.00011503313561846295
ok,0.0007170157273989945
okay,0.000520548264167786
old,0.0007150625067280599
older,0.00010176250060876881
on,0.0027030366323572298
once,0.0003422869999103971
one,0.002208801975823252
online,0.000140516319922497
only,0.0015583175817206784
onto,3.4323753107756994e-05
op,0.0003536454765219087
open,0.00047419811849827467
opening,8.909480529057417e-05
openly,4.5746490833985176e-05
operation,6.651796411164474e-05
operative,1.9641809107889053e-05
opinion,0.0005549562735761481
opportunity,0.0001337922681371579
opposed,0.00010683626756621368
opposing,3.6359802838824204e-05
opposite,0.00015492963741508056
opposition,7.214133535982162e-05
oppression,0.00014442741074077213
option,0.0003884012253537614
or,0.002117030251226109
orange,0.0003707581374576462
order,0.0004452432478384704
org,0.0010684582622480104
organization,0.00025412487516550587
organize,0.00029027378481977304
organized,0.00012069629024355793
organizing,0.00031507508715941857
origin,0.00011337495072177225
original,0.0006846980115479246
other,0.0011249568811063856
others,0.0004466541487048796
otherwise,0.00018955716567593977
our,0.00117779998846417
ourselves,0.00013427532523769975
out,0.0018355320270744867
outbreak,0.00021045298489552676
outcome,6.411667667329626e-05
outlet,3.251107032087102e-05
outside,0.00019057238841489583
over,0.0011367785880286893
overall,9.179250414831234e-05
own,0.0007975905125307116
owned,0.0004247004344431842
owner,0.0004800762695434772
ownership,0.0002632384344316747
owning,6.558345376889895e-05
owns,0.00016094380610920842
page,0.00012839866798866788
paid,0.0004970083394011915
paint,5.003509035723003e-05
pandemic,0.0004051078276615025
panic,0.00024466251032773285
paper,0.00031923152318096264
pardon,0.00016213338464524622
parent,0.00031670673642945527
part,0.0006243866964530695
participate,5.912910342790903e-05
particular,7.992411936341538e-05
particularly,0.0001432477071517859
partisan,7.447766294282337e-05
party,0.0010988455599716498
pas,0.0001776428520907505
passed,0.0001292073260642521
past,0.00031502949596416707
path,0.00011189871887317451
pathfinderpress,5.720255780031229e-06
patient,0.0002143396955369462
pay,0.0009358310322091638
paycheck,8.618910730590006e-05
paying,0.0002796013381622328
payment,5.616262782454599e-05
pdf,9.861462347956618e-05
peace,0.00021660103725463763
peasant,8.2528552295465e-05
pelosi,0.0007846105868543412
penny,9.838109173576557e-05
people,0.0026117645189050677
per,0.0001557997309133278
percent,0.00010765499483621564
percentage,7.298566601631333e-05
perfect,0.00022575539048313612
perfectly,6.129787137288654e-05
performed,0.0009323386979466042
perhaps,0.0002610039682167664
period,0.00011037194638095231
person,0.0007472005182722264
personal,0.00021638951263659479
personality,2.869877173969732e-05
personally,0.00019156494492103242
perspective,0.00012631537015227125
peterson,0.00014662654011740535
philosophy,0.00014187314742743472
phone,0.0002148540780862905
photo,0.0001222683857349686
phrase,9.632005700811821e-05
physical,6.433496254586522e-05
pick,0.0001554700165756317
picture,0.000287180654512363
piece,0.00029079129152075625
place,0.0005873023245098733
plan,0.0002941465602514634
plane,5.976870203394949e-05
planet,9.339936334026254e-05
planned,0.00014782365468320652
planning,0.00010201304420034171
plant,4.2795431648790746e-05
platform,0.00012507108464423664
play,0.00038072336451508914
player,3.288837184028863e-05
playing,0.00014714553141320486
please,0.0012332763216165307
plenty,0.0002133195580607374
plus,0.00015332451866553783
pm,0.00013994918488874957
pocket,7.889245750026425e-05
podcast,0.00010540047185530387
point,0.0012794290802703833
pointing,0.00014662996038503954
police,0.00035446379509657534
policy,0.0005266918521334725
political,0.0006178899857434701
politically,0.0001280132877021791
politician,0.0002662939477292209
politics,0.0011029678032436914
poll,0.00020920661948222314
pool,0.000159120058244458
poor,0.000789046230528167
popular,0.00014455787426101243
population,0.00033136287637290695
porn,0.0005665063381555639
portion,3.192062475767321e-05
position,0.00022571246055604419
positive,0.00019064967508793283
possibility,9.941384440766946e-05
possible,0.0005231041850730986
possibly,0.00014456189941330905
post,0.0011976550445577337
posted,0.00026906323812481603
poster,0.00019993657490441428
posting,0.0002668495530563654
potential,0.00010713066695733661
potentially,5.309197930362904e-05
poverty,0.00015887161533670283
power,0.0007867694999242326
powerful,0.00011131255794006892
ppl,6.433460074309504e-05
practical,4.57578033432569e-05
practice,0.00012316994914806674
praise,0.00014584870210343034
pre,6.953518846357243e-05
prefer,0.0002241541498431684
prepared,9.339228942624228e-05
present,6.1847762998418e-05
presidency,8.147064943173253e-05
president,0.003513862533664561
presidential,0.00019322011624987284
press,0.00027529544250873267
pressure,8.670915163673854e-05
pretend,8.575314694209794e-05
pretending,6.335104576652627e-05
pretty,0.0009567709966494402
prevent,0.00014394680927853733
previous,0.00011747465639986634
price,0.00020931243031848263
primary,0.0003108697392973802
principle,0.0001101533961517272
prior,2.5087064785579047e-05
prison,0.00018450407926773923
private,0.00044067692429803333
privilege,0.00023139840786131344
pro,0.00022329357295655636
probably,0.0007511113779132432
problem,0.0006512401172156572
process,0.0001286036463701156
produce,0.0002610277408268605
product,0.00011555135030008021
production,0.0009366405239836495
productive,6.614379876345296e-05
prof,9.419079019158814e-05
professional,3.659466418283849e-05
profit,0.0008961256510401185
program,0.0003123916614783848
progress,0.0001296912553291793
progressive,0.0001987235165775639
project,0.00015186047231215756
proletariat,0.0002473442864133519
promise,0.00011497227668002733
proof,0.000256813160019333
propaganda,0.0004698360371017692
proper,5.6026131762574533e-05
properly,6.726229797716645e-05
property,0.001111988068062026
prostitution,0.0001693179921555432
protect,0.00012509719354110218
protected,4.2557629612025736e-05
protection,0.0001137616012773505
protest,0.00020363514271869333
proud,0.00017709744042458005
prove,0.00024095757304120455
proven,6.775349815898386e-05
provide,0.00017198766971430137
provided,0.00011900923702636137
provides,7.422309842483578e-05
providing,5.800790966327834e-05
public,0.0005167260143344617
publicly,5.443691252996685e-05
published,6.038964273801322e-05
pull,0.00021055881816864686
punch,0.0005013705392291337
punching,0.0004050302094366793
purchase,4.336759454235791e-05
pure,0.0002306183652431997
purely,3.4497454960521424e-05
purpose,0.0001933851653379511
push,0.00015179516655253503
pushed,6.770130505370165e-05
pushing,9.937176007084183e-05
put,0.0006851126044758083
putting,0.0001522408990287218
quality,0.000176074102745154
quarantine,0.00019484276010178872
question,0.0009828558094489594
quick,0.00014176281266528929
quickly,9.620379301865212e-05
quit,0.00011977192767506115
quite,0.0002576739785690348
quo,5.1807197289381596e-05
quote,0.0002317999934911355
race,0.00040688403205584777
racial,5.192107699434139e-05
racism,0.00035056858949243153
racist,0.0013858185422052072
radical,0.0002328630763946506
raise,0.00011937275947081605
raised,8.056026549218383e-05
rally,9.438291353584863e-05
ran,9.015487614174973e-05
random,0.00014827484446397143
rape,0.00015359835555039762
rapist,0.00071397327663758
rare,0.00015084062324105285
rate,0.0007552310800847626
rather,0.0004066873646391808
reach,9.856489842695768e-05
reaction,6.262442456424615e-05
reactionary,0.00032806904808263315
read,0.001278570281392159
reading,0.0005454730408092662
ready,0.00015071420590080748
real,0.0007301051603734733
reality,0.00022702816457204845
realize,0.0002771482668003244
realized,0.00010362350886362414
really,0.0013844278816382105
reason,0.0006467002174844021
reasonable,0.00015810171224446277
recall,7.12881536325765e-05
receive,4.289970152663309e-05
received,6.521709177972105e-05
recent,0.00014052069241677492
recently,0.00012661443441991773
recession,6.209502556560776e-05
recognize,7.513192213085012e-05
recommend,0.0003743778662867867
record,0.00014799062916383144
red,0.0005753722912561041
redd,9.310411706088894e-05
reddit,0.0008181882017739288
reduce,7.94937491518229e-05
reduced,5.856286179978576e-05
reduction,4.5645316137073775e-05
refer,0.00011726101306741536
reference,0.00020174853195913982
referring,0.0001868265111892791
reform,0.00014052028159070154
refuse,0.00016470810836721297
refused,5.302559346545811e-05
regard,4.587899276275217e-05
regarding,5.740935303376071e-05
regardless,0.000230185420364125
regime,0.00029671034402467447
region,2.0208475157186685e-05
regular,7.789932311500492e-05
regulation,0.00011131736898711345
related,0.0002840029463676518
relation,8.41875456259702e-05
relationship,8.773519847324279e-05
relative,6.301689917209919e-05
release,5.869042420054073e-05
relevant,0.00010584511480186624
relief,0.00017579688728461358
religion,0.0001850514040629087
religious,0.0001771741702205542
rely,5.615069719051473e-05
remain,5.891728038243406e-05
remember,0.0003507270803810318
reminder,8.00479438908379e-05
remindmebot,7.307439317595484e-06
remotely,5.911751690383591e-05
remove,0.00014097049023142455
removed,0.00024939488194564234
rent,0.0005840016273417721
repeat,0.00010505925379120748
replace,0.0001740657017111747
reply,0.0001695888925210359
report,0.0006378722661068452
reported,0.00016926806614982984
reporter,0.00013692499554154386
reporting,0.00031726146685583095
repost,0.0002650788967910237
representative,7.553409559638046e-05
republic,0.00017934324484158802
republican,0.0023459766916101316
request,5.7883116959701345e-05
require,7.3332543065513e-05
required,0.0001481461373492699
requirement,3.519765583832499e-05
requires,7.021071679513156e-05
research,0.00031322799550014175
resource,0.0005818798595045684
respect,0.0002631808926305065
respond,0.00010846445524470943
response,0.0005089032161132664
responsibility,8.175266348245223e-05
responsible,0.0001041454996704635
rest,0.0005128663770566793
restaurant,8.439144484180284e-05
restriction,4.250878307482945e-05
result,0.00026801838911935866
return,0.00012346433886041604
revenue,3.750461087077357e-05
revolt,0.00021250252729691768
revolution,0.0038384613741216963
revolutionary,0.0015593730365652037
reward,4.482139419256226e-05
rhetoric,5.83173260114707e-05
rich,0.0031974270472687116
richest,0.00011408496412893263
rid,0.00010388390841577408
ridiculous,0.0002497906932929694
right,0.0020912968517695484
rise,0.00012514994164212383
risk,0.00020932784297526125
road,0.00020319598660063505
rocket,1.1526600128265392e-05
role,7.901229811776751e-05
roll,0.00011628654624309278
romney,0.00039152876289612305
room,0.0001495966978109745
rule,0.00039990876552170975
ruling,0.0002998784331139953
run,0.00046148579570647877
running,0.000281519986867434
rural,5.8541109702996023e-05
russia,0.0002686374646633473
russian,0.00023970795211889116
sacrifice,3.894351412135765e-05
sad,0.00043747813997396735
sadly,0.00019294785628305415
safe,0.00030780591476722635
safety,0.00016749170568292038
said,0.0013252348046577174
sake,6.772165242232653e-05
salary,0.00010012876937452028
sale,7.106930532269434e-05
same,0.000994104129382018
sander,0.0005557029815237194
save,0.0002496368969304039
saved,0.00010863921891758165
saving,0.00014720587377047177
saw,0.0002785799086542197
say,0.0016283036080825969
saying,0.0008868425151167678
sc,2.836034859031146e-05
scale,0.00013145605518994233
scare,9.178878447000328e-05
scared,0.00016260290715386426
scary,0.00024191564434748958
scenario,6.557788322912993e-05
scheme,0.00018137732592488762
school,0.0004024986142748215
schumer,0.0003065207125217471
science,0.0001842840646533826
scientific,8.192248077246624e-05
scientist,9.781948577039329e-05
screen,3.520005084858663e-05
scum,0.00020498588982823245
search,0.00017382517618454567
season,0.00020446623871874208
seasonal,3.7259006104482205e-05
seat,7.458669912018734e-05
second,0.0004091080261344523
secret,7.869648175234764e-05
section,7.7669555245946e-05
sector,9.210150687263809e-05
security,0.00020446354693848484
see,0.0013794148923939424
seeing,0.00029165340366778714
seek,9.384997532554105e-05
seem,0.000496842462404668
seemed,8.691872215863383e-05
seems,0.0005898962094217163
seen,0.00046215728714518603
self,0.0006894547284364336
selfish,8.818530691084339e-05
sell,0.0001800149059382632
selling,8.734222295448229e-05
senate,0.00030055426234051836
senator,0.00014706919123003772
send,0.00023559470226031654
sending,0.00010389817374633167
sense,0.0004774411073644798
sent,0.0001328597512087196
sentence,0.0001911447258266154
separate,5.392460569748788e-05
series,4.780100345381759e-05
serious,0.0002552784211396693
seriously,0.0003577767248813224
serve,6.101956511298019e-05
service,0.00031985460307452793
set,0.00020105100469549372
several,0.00017947653174604523
sex,0.00026058039813601797
sexual,0.00014450393663539732
shall,6.855963626558135e-05
shame,0.00027527225387982327
share,0.00027440487250268437
shared,7.214247551900296e-05
she,0.0032347408282267644
shelter,0.00021698409118209912
shift,6.591509017928276e-05
ship,0.00011632046184824239
shit,0.00127958465978491
shitty,0.000256297416861673
shoot,9.427298320101357e-05
shooting,9.734130320329829e-05
shop,7.540387461441234e-05
short,0.00031647456624351575
shortage,0.00011022623959491641
shot,0.0002446639950819488
should,0.0016968391593392077
shouldn,0.00039086463865653097
show,0.0007439588628973144
showed,7.623546316766732e-05
showing,0.00012018477174031064
shown,9.231271308106641e-05
shut,0.0003894870858819743
sick,0.0003853182362043343
side,0.0004984351836231232
sign,0.00037410060156497507
significant,6.13788265148884e-05
significantly,4.469825794680004e-05
silly,0.00013755731383591847
similar,0.00026881528481223005
simp,4.671781417672485e-05
simple,0.00017963101990187485
simply,0.0002711454497243184
since,0.0005370164066678363
single,0.00028837210755630583
sit,0.0001662069610911124
site,0.0003680050267803965
sitting,7.572076683908129e-05
situation,0.0002873451423798035
skill,0.00018581702882439885
slave,0.0002857462795438434
slavery,0.00025471765367079735
slightly,0.00011435224990723601
slow,0.00015473983834344649
slowly,0.00010827056524117291
small,0.0004254510167252224
smaller,6.706993243008971e-05
smart,0.00027727100907336104
so,0.002640094306411496
social,0.0009473264118009354
socialism,0.0065846478658342445
socialist,0.007136508439258603
society,0.002325082614415854
software,0.00010932742625658041
sold,0.00011074208297156829
soldier,0.0001794282847871264
solid,0.00011893636966392588
solidarity,0.00026373573388510353
solution,0.0003549058839009125
solve,5.85191946594192e-05
some,0.001571098919809521
somebody,0.00015552350579939019
somehow,0.000192091726448872
someone,0.0008852810182107658
something,0.0009670752206773338
sometimes,0.0002609184824629428
somewhat,5.854048798058738e-05
somewhere,0.00018494016001904928
son,0.00013174563725038105
soon,0.00028774906549927296
sorry,0.0006848126119974929
sort,0.00024504166839747565
sound,0.0007288624819765112
source,0.0007320656151226768
south,0.0004098439018506392
soviet,0.0008799550013767982
space,0.0002965285886906832
spain,0.0005096173661331573
spanish,0.00024329315488720983
speak,0.00017558806713888564
speaking,0.00013945366271397682
speaks,7.084626228861402e-05
special,7.143338603093806e-05
specie,4.632973918099547e-05
specific,0.00030719134013420553
specifically,0.00022386044530553687
speech,0.0002879664935483995
spend,0.00015040523495662853
spending,0.00015026235591848275
spent,8.554746704917799e-05
split,0.00017643040927770566
sport,0.00018389706306999948
spread,0.00023058611989849
spreading,0.00015001624431286477
staff,3.641534399089082e-05
stage,0.00011917634743221291
stake,0.00011388679955055475
stalin,0.0005506548243234455
stamp,2.7884913403358265e-05
stance,5.6758076957902115e-05
stand,0.00024293781683658539
standard,0.00023891820589103178
standing,0.0002180204006172555
star,7.455253550240856e-05
start,0.0006805729673073123
started,0.00032870798842914417
starting,0.0002678091199326677
starving,0.00010908264834705428
state,0.0009485774705872285
stated,6.502509362559158e-05
statement,0.00028301993796071606
stating,4.098542687700943e-05
statistic,0.0001024689226364949
status,0.0002552297994066564
stay,0.0003942564918635207
steal,9.349838248332206e-05
stealing,5.454547516601984e-05
step,0.000168262340220838
stick,9.987818818161571e-05
still,0.0011187107712206745
stimulus,0.00016107185140041316
stock,0.0002358369942343431
stolen,8.27669938799684e-05
stop,0.0006950526102943315
stopped,0.00017342755095134868
stopping,6.792245256216438e-05
store,0.00021946162192689722
story,0.0004701390681958891
straight,0.00026980766626491466
strange,8.46618961531322e-05
strategy,0.00013106156464727674
street,0.00030450132080915424
strength,8.373875550498113e-05
strike,0.0007352197715280996
strong,0.00022256587296259762
structure,0.00011041653705531826
struggle,0.000638412386139853
student,0.00014922624671357475
study,0.0001847101536282078
stuff,0.0004273116780578285
stupid,0.0016202601120437945
style,0.00032431582166434565
sub,0.0009042833303282791
subject,0.00019286167702440058
submission,0.00038423180085478295
subreddit,0.0009454349229807481
subreddits,7.836244005246526e-05
success,0.00019545164644129955
successful,0.00020997759437395947
such,0.0005982939518146334
suck,0.00027580131886310204
suddenly,0.00011123388907806456
suffer,0.00011730005293529266
suffering,0.00010864259945307666
suggest,0.00011878336289967845
suggesting,4.216184813518541e-05
suicide,0.00010469288260603976
suit,8.536690095405352e-05
super,0.00032933456138093504
supply,0.00019730142626085917
support,0.0006223245666088788
supported,4.851515434599962e-05
supporter,0.00032804414520762266
supporting,0.0001322757114835175
suppose,0.00027303855343008856
supposed,0.0003124055578238294
supreme,8.778048511728661e-05
sure,0.0010559661259561769
surely,0.0001584794616933151
surgery,0.00011281960011236924
surprise,0.00028626717279981486
surprised,0.0004534048169708299
surrounding,0.00028562164462975947
survival,5.2879338155743166e-05
survive,6.168472987051602e-05
suspect,6.001752938464453e-05
sweden,0.00022953368829567124
swine,0.0002532267882556322
switch,8.517772390557531e-05
symptom,0.00015122233261116873
system,0.0014906895447481558
table,8.437492162442783e-05
tactic,7.102038041414217e-05
take,0.001113118008491892
taken,0.00028428115284247744
taking,0.00034315053604465454
talk,0.0004394363849457376
talked,4.803431865736203e-05
talking,0.0006873132816560137
tank,7.155764288434037e-05
target,6.740965044439831e-05
task,2.473883025854341e-05
taught,8.795541056372117e-05
tax,0.0011090663366574076
taxpayer,0.00012059183842936787
teach,7.93093731659813e-05
teacher,0.00012699318862145626
teaching,9.69509979034933e-05
team,0.0001505035375503041
tech,5.0575720972248255e-05
technically,0.00013817127160203495
technology,8.189143885738876e-05
tell,0.0007359360151039185
telling,0.00027161443164816653
temporary,5.527730803246366e-05
ten,9.00966644410618e-05
tenant,0.0005299060723124716
tend,9.406903109067175e-05
tendency,0.00010398217549259526
term,0.0005235814255692268
terrible,0.0002668224969909084
terror,4.375623427410959e-05
terrorist,0.00014367061263633789
test,0.0002893521380125785
tested,0.0001179081983374812
testing,0.00022076379327565506
texas,0.00013223836760968834
text,0.0001689384889353829
than,0.0013211164051823898
thank,0.001504528347732055
thanks,0.002823060001710738
that,0.005062345021672507
thats,0.0005433010516703392
the,0.0069475401039272265
theft,0.00020546201099845053
their,0.0018075190176516025
them,0.0017497754528416798
themilitant,1.3246553371609494e-05
themselves,0.00040685834268160636
then,0.0014463856718334464
theory,0.0004394461270073195
there,0.0021256095475038293
therefore,0.00012397709975181542
these,0.0011297197949292955
they,0.0032244389650767035
thing,0.001632233427457815
think,0.0020062825448053977
thinking,0.00044331622759677343
third,0.0002888356404202728
this,0.0042516898848515405
tho,0.0002793323957670272
those,0.001239735159778964
though,0.0008921080832321273
thought,0.0007769312618140548
thousand,0.0002561142589162179
thread,0.00021175580462545973
threat,0.0002136529805301518
threatening,6.965495270319652e-05
three,0.00019387077141589382
through,0.0006116052044799397
throughout,5.7378912017851504e-05
throw,0.00025764669321716455
throwing,9.578744476372445e-05
thus,0.00016145933164519677
tie,9.360785498231791e-05
till,0.00011882807102450043
time,0.0014622990471802723
timeline,3.3904424997887034e-05
tired,0.00016063373412201844
title,0.0006755631142567988
to,0.0054794017311874214
today,0.0003889577576763455
together,0.00023050517284195832
told,0.00031163771582791753
toll,7.515344115718561e-05
ton,9.660702151758852e-05
too,0.001499118872815014
took,0.0003741200499771026
tool,0.00016996762919610327
top,0.00035663438855095713
topic,0.00015209261994465257
total,0.00014364719743264708
totally,0.0004879168480906538
touch,0.00016693173926511125
toward,6.0946166544373604e-05
towards,0.00021051838091857466
town,0.00019966402265630896
track,5.221605138777882e-05
trade,0.0001373023923307773
traditional,4.866653397708495e-05
trans,0.00016038467656022778
transcript,0.00016697011377167202
transcription,0.0014260617796213696
transition,4.1499337740752056e-05
trash,0.00019970556802562916
travel,0.0003024934389348567
treat,0.00012894062494554854
treated,8.291219783837307e-05
treatment,0.00013495304111775495
trial,7.274912098383758e-05
tried,0.00028610314562520895
trillion,0.0001425069604407388
troll,0.0005284999390764206
trolling,0.00026563022804559303
troop,3.477730240913304e-05
trotsky,0.00011961427257356357
true,0.0009619050345089974
truly,0.000274037313875839
trump,0.011876019008457328
trust,0.00022378475006130835
truth,0.0004773319866327287
try,0.0008055022719185693
trying,0.0006673997476162409
turkey,0.00035162693619455424
turn,0.00030990653640361633
turned,0.0001342377339095618
turning,7.156086273901335e-05
tv,0.00014223110724088448
tweet,0.0002444345929376701
twitter,0.0003722955904604595
two,0.0006452577514981374
type,0.00028838392090481423
typical,0.00027204561660574335
typically,4.935991561067943e-05
ubi,9.196285989116638e-05
uk,0.00020212760741879142
ukraine,3.179851097905793e-05
ultimately,9.228364254697824e-05
un,0.0002187737757408984
unable,5.5268755432128216e-05
under,0.0006629476185928613
understand,0.0006960674301189633
understanding,0.00016817100744491388
understood,7.253980093810572e-05
unemployment,0.00012236220325767365
unfortunately,0.00036003357787776897
union,0.0009030224887701726
unit,0.00012309543355716132
united,0.00028603630403070066
universal,0.0001537264913445813
university,0.00010563390620886908
unless,0.00029833956330896225
unlike,6.433248334156853e-05
until,0.0004956215955486884
up,0.0018191884782829426
update,8.64014398007278e-05
upon,0.0001385070702096383
upset,0.00015576213535802485
us,8.561885952917233e-05
us_election_megathread,5.2905795486062475e-05
usa,0.00033208275580919847
use,0.0006952904706932407
used,0.0005124194441064479
useful,8.831814487656886e-05
user,0.00038269478629019256
using,0.0004064550406486327
ussr,0.0010901547312357957
usually,0.0003077924818875529
vaccine,0.0001519836467091496
valid,0.00014191359449347912
valuable,6.827584147001553e-05
value,0.0003551550468435993
various,7.342179249879084e-05
vast,8.961918176998776e-05
venezuela,0.0006081453321471111
ventilator,0.00013329371007701882
version,0.000208013825668943
very,0.0012181081214541428
via,6.80205289368097e-05
victim,0.00020334400496591258
victory,8.105804865002668e-05
video,0.0010009604567017584
view,0.0004627225356507576
viewpoint,5.441221228149481e-05
violates,5.4039676244118525e-05
violation,0.00010284519410789212
violence,0.0010150808617943236
violent,0.00018033942061001308
virtue,0.00011494531469625636
virus,0.0027465427923462865
visit,6.708932857274123e-05
voice,0.00021375380652540125
volunteer,7.018051074273795e-05
vote,0.0014915589708342357
voted,0.00031798580763251237
voter,0.0009201864210331921
voting,0.0005623482396312541
vp,8.049053288480284e-05
vulnerable,4.412926307116773e-05
wa,0.002761193411930113
wage,0.0008066351912564012
wait,0.0005352855129675358
waiting,0.0002318138308417823
wake,4.8519387906767336e-05
walk,0.00011340285907684815
walking,6.391011380791873e-05
wall,0.00020725402338693072
wanna,0.00013425525902285545
want,0.0015485761266289734
wanted,0.0003342251419805107
wanting,0.00013337495986423208
war,0.0007469195865063348
warning,8.631810105974224e-05
washington,0.00011461520312902163
wasn,0.0006209857334277314
waste,0.00020642105468773227
watch,0.0006778481502475164
watched,0.00021366705494814736
watching,0.0002044879935650445
water,0.0002843573860051742
way,0.001302846398349907
we,0.002679649281269283
weak,0.000165507655978558
wealth,0.0011071862741974898
wealthy,0.0001966380055507237
weapon,0.0001534482939821974
wearing,0.00023481864876763217
website,0.0001502670676252372
week,0.000405478895711346
weird,0.00024118736520829955
welcome,0.00023450123634182404
welfare,0.00024013444892854286
well,0.0015266344836692993
went,0.00034015124307656014
were,0.0011459001401758807
weren,0.00019251817103868764
west,0.0003094928800864069
western,0.00042569030969536034
what,0.003197498501228389
whatever,0.00035886703393287145
when,0.0015428676904217194
whenever,9.004076779515657e-05
where,0.001163802445927978
whereas,3.103139895069748e-05
wherever,0.0002070187675766639
whether,0.00020513769767070375
which,0.0010627184669366092
while,0.0006937005827854353
white,0.0006872069746312941
who,0.0021215952613021214
whoever,7.525080720447997e-05
whole,0.000499120151245706
whose,0.0001028541738545455
why,0.0018860830647283245
wide,0.00010664677318577746
wife,0.00023374593096403795
wiki,0.0002609635752668754
wikipedia,0.00026689377576397794
will,0.002567838224015212
willing,0.00016299672838337173
win,0.0006703407787679324
wing,0.000407525974157079
winner,6.439297773897776e-05
winning,0.00020126909390616706
wish,0.0004350718008219934
with,0.002652242502933589
within,0.0002258484714918227
without,0.000614056301319573
witness,7.620619719879144e-05
woke,6.462705644523952e-05
woman,0.0008224726914364427
won,0.0005907831657453786
wonder,0.00040935202448335884
wont,0.00010629772685561675
word,0.0006603482711794151
work,0.002025768478666746
worked,0.00023463786793020372
worker,0.0036189920522497914
working,0.0009612866065271843
workplace,4.37190564365816e-05
world,0.0010406099062925324
worried,0.00013582467048260915
worry,0.0002514370436610628
worse,0.0004383035962375132
worst,0.00028902005772024224
worth,0.0005316786798957102
would,0.002244480071088804
wouldn,0.0004418485465717134
wow,0.0005403045894775836
write,0.00011862570773431248
writer,5.348227951505715e-05
writing,0.00020561965614031703
written,0.00013293185301005577
wrong,0.000978085715055095
wrote,0.00012792187594580842
wtf,0.0004425818201114661
wuhan,0.0003327594441295729
www,0.0008361918596353973
x200b,0.00011852319368451274
ya,0.0002881741844937736
yea,0.0002268179870976873
yeah,0.0013564548104021542
year,0.001099199362806303
yep,0.0002808369915090358
yes,0.0013907396431195504
yesterday,0.00015067062883848342
yet,0.00055444839689381
york,0.00020816488120986814
you,0.005682681917993983
young,0.00027263928624571716
younger,9.350707864918251e-05
your,0.002402172893480363
yours,0.0001346688847886468
yourself,0.0005015336923612521
youth,5.2486611274738074e-05
youtu,0.00021084094038481384
youtube,0.0004943348581256948
yup,0.0002962130068403382
zero,0.0002562558131662809
